[
    {
        "id": 1,
        "supplier": 1,
        "carID": 14,
        "date": "Friday, December 11, 2015 7:56 AM"
    },
    {
        "id": 2,
        "supplier": 5,
        "carID": 13,
        "date": "Sunday, October 30, 2011 1:52 PM"
    },
    {
        "id": 3,
        "supplier": 2,
        "carID": 30,
        "date": "Saturday, November 3, 2012 12:01 PM"
    },
    {
        "id": 4,
        "supplier": 9,
        "carID": 31,
        "date": "Wednesday, June 28, 2017 4:08 AM"
    },
    {
        "id": 5,
        "supplier": 6,
        "carID": 29,
        "date": "Monday, August 27, 2018 12:54 PM"
    },
    {
        "id": 6,
        "supplier": 15,
        "carID": 12,
        "date": "Wednesday, November 27, 2013 1:09 PM"
    },
    {
        "id": 7,
        "supplier": 15,
        "carID": 49,
        "date": "Friday, April 15, 2011 3:22 AM"
    },
    {
        "id": 8,
        "supplier": 3,
        "carID": 32,
        "date": "Saturday, September 8, 2018 9:57 AM"
    },
    {
        "id": 9,
        "supplier": 7,
        "carID": 48,
        "date": "Friday, May 18, 2012 2:06 PM"
    },
    {
        "id": 10,
        "supplier": 9,
        "carID": 28,
        "date": "Tuesday, April 24, 2018 3:10 PM"
    },
    {
        "id": 11,
        "supplier": 11,
        "carID": 11,
        "date": "Monday, August 17, 2015 2:19 PM"
    },
    {
        "id": 12,
        "supplier": 5,
        "carID": 15,
        "date": "Thursday, August 10, 2017 11:10 PM"
    },
    {
        "id": 13,
        "supplier": 10,
        "carID": 33,
        "date": "Sunday, September 19, 2010 11:13 AM"
    },
    {
        "id": 14,
        "supplier": 15,
        "carID": 10,
        "date": "Wednesday, February 1, 2012 12:45 AM"
    },
    {
        "id": 15,
        "supplier": 5,
        "carID": 46,
        "date": "Friday, April 26, 2013 7:22 PM"
    },
    {
        "id": 16,
        "supplier": 10,
        "carID": 27,
        "date": "Thursday, December 27, 2012 3:14 PM"
    },
    {
        "id": 17,
        "supplier": 7,
        "carID": 47,
        "date": "Thursday, March 23, 2017 3:53 AM"
    },
    {
        "id": 18,
        "supplier": 5,
        "carID": 9,
        "date": "Friday, September 28, 2012 11:00 PM"
    },
    {
        "id": 19,
        "supplier": 14,
        "carID": 8,
        "date": "Wednesday, February 2, 2011 10:07 AM"
    },
    {
        "id": 20,
        "supplier": 10,
        "carID": 34,
        "date": "Friday, January 22, 2010 10:30 AM"
    },
    {
        "id": 21,
        "supplier": 1,
        "carID": 16,
        "date": "Monday, December 4, 2017 8:38 PM"
    },
    {
        "id": 22,
        "supplier": 13,
        "carID": 26,
        "date": "Wednesday, July 12, 2017 6:59 AM"
    },
    {
        "id": 23,
        "supplier": 14,
        "carID": 45,
        "date": "Thursday, September 12, 2013 4:32 AM"
    },
    {
        "id": 24,
        "supplier": 10,
        "carID": 7,
        "date": "Wednesday, July 27, 2016 5:20 AM"
    },
    {
        "id": 25,
        "supplier": 13,
        "carID": 35,
        "date": "Sunday, March 26, 2017 1:30 AM"
    },
    {
        "id": 26,
        "supplier": 12,
        "carID": 6,
        "date": "Tuesday, February 8, 2011 5:20 PM"
    },
    {
        "id": 27,
        "supplier": 2,
        "carID": 17,
        "date": "Monday, May 1, 2017 7:39 AM"
    },
    {
        "id": 28,
        "supplier": 5,
        "carID": 25,
        "date": "Friday, July 1, 2016 1:39 AM"
    },
    {
        "id": 29,
        "supplier": 3,
        "carID": 41,
        "date": "Tuesday, June 5, 2018 8:54 AM"
    },
    {
        "id": 30,
        "supplier": 7,
        "carID": 18,
        "date": "Friday, March 3, 2017 8:55 AM"
    },
    {
        "id": 31,
        "supplier": 4,
        "carID": 36,
        "date": "Tuesday, August 19, 2014 12:55 AM"
    },
    {
        "id": 32,
        "supplier": 14,
        "carID": 5,
        "date": "Thursday, April 7, 2016 7:25 PM"
    },
    {
        "id": 33,
        "supplier": 2,
        "carID": 40,
        "date": "Saturday, November 8, 2014 3:46 PM"
    },
    {
        "id": 34,
        "supplier": 6,
        "carID": 19,
        "date": "Sunday, June 3, 2012 2:52 AM"
    },
    {
        "id": 35,
        "supplier": 13,
        "carID": 42,
        "date": "Monday, September 6, 2010 5:52 PM"
    },
    {
        "id": 36,
        "supplier": 11,
        "carID": 37,
        "date": "Tuesday, April 6, 2010 11:47 AM"
    },
    {
        "id": 37,
        "supplier": 9,
        "carID": 20,
        "date": "Friday, January 23, 2015 10:24 PM"
    },
    {
        "id": 38,
        "supplier": 4,
        "carID": 4,
        "date": "Friday, September 6, 2013 12:30 AM"
    },
    {
        "id": 39,
        "supplier": 6,
        "carID": 44,
        "date": "Sunday, November 3, 2013 11:51 AM"
    },
    {
        "id": 40,
        "supplier": 7,
        "carID": 21,
        "date": "Tuesday, July 29, 2014 9:40 AM"
    },
    {
        "id": 41,
        "supplier": 10,
        "carID": 24,
        "date": "Saturday, June 4, 2016 12:21 PM"
    },
    {
        "id": 42,
        "supplier": 12,
        "carID": 3,
        "date": "Sunday, November 13, 2016 2:08 PM"
    },
    {
        "id": 43,
        "supplier": 13,
        "carID": 38,
        "date": "Sunday, April 18, 2010 8:36 AM"
    },
    {
        "id": 44,
        "supplier": 11,
        "carID": 22,
        "date": "Monday, October 9, 2017 3:24 PM"
    },
    {
        "id": 45,
        "supplier": 12,
        "carID": 43,
        "date": "Wednesday, January 31, 2018 8:19 AM"
    },
    {
        "id": 46,
        "supplier": 5,
        "carID": 50,
        "date": "Sunday, October 23, 2016 10:41 PM"
    },
    {
        "id": 47,
        "supplier": 2,
        "carID": 2,
        "date": "Saturday, November 30, 2013 11:49 PM"
    },
    {
        "id": 48,
        "supplier": 9,
        "carID": 23,
        "date": "Tuesday, April 5, 2016 8:12 PM"
    },
    {
        "id": 49,
        "supplier": 9,
        "carID": 39,
        "date": "Thursday, December 22, 2011 9:32 AM"
    },
    {
        "id": 50,
        "supplier": 4,
        "carID": 1,
        "date": "Saturday, April 6, 2013 6:26 PM"
    }
]