[
    {
        "id": 1,
        "isActive": false,
        "director": {
            "first": "Blackburn",
            "last": "Heath"
        },
        "companyName": "KNEEDLES",
        "email": "blackburn.heath@undefined.me",
        "phone": "+1 (876) 563-2754",
        "address": "979 Meserole Street, Bloomington, Wyoming, 6593",
        "registered": "Sunday, August 31, 2014 4:05 PM",
        "office": {
            "latitude": "72.917235",
            "longitude": "46.190649"
        }
    },
    {
        "id": 2,
        "isActive": false,
        "director": {
            "first": "Glover",
            "last": "Harding"
        },
        "companyName": "COMBOGENE",
        "email": "glover.harding@undefined.biz",
        "phone": "+1 (916) 451-2725",
        "address": "800 Maple Avenue, Gerton, Iowa, 668",
        "registered": "Sunday, March 1, 2015 3:15 AM",
        "office": {
            "latitude": "36.132477",
            "longitude": "72.172161"
        }
    },
    {
        "id": 3,
        "isActive": false,
        "director": {
            "first": "Tisha",
            "last": "Padilla"
        },
        "companyName": "UBERLUX",
        "email": "tisha.padilla@undefined.info",
        "phone": "+1 (882) 552-3119",
        "address": "439 Russell Street, Neahkahnie, Alabama, 9074",
        "registered": "Wednesday, August 19, 2015 1:47 PM",
        "office": {
            "latitude": "64.143882",
            "longitude": "97.432713"
        }
    },
    {
        "id": 4,
        "isActive": false,
        "director": {
            "first": "Elisa",
            "last": "Kane"
        },
        "companyName": "COSMOSIS",
        "email": "elisa.kane@undefined.co.uk",
        "phone": "+1 (991) 436-3947",
        "address": "786 Overbaugh Place, Camino, Oklahoma, 9965",
        "registered": "Sunday, April 23, 2017 2:06 AM",
        "office": {
            "latitude": "-69.519722",
            "longitude": "18.161971"
        }
    },
    {
        "id": 5,
        "isActive": true,
        "director": {
            "first": "Geneva",
            "last": "Gonzalez"
        },
        "companyName": "IMKAN",
        "email": "geneva.gonzalez@undefined.ca",
        "phone": "+1 (901) 470-2819",
        "address": "947 Quentin Road, Bartonsville, Utah, 8335",
        "registered": "Saturday, May 9, 2015 7:18 PM",
        "office": {
            "latitude": "73.686206",
            "longitude": "30.948521"
        }
    },
    {
        "id": 6,
        "isActive": true,
        "director": {
            "first": "Noemi",
            "last": "Sears"
        },
        "companyName": "POLARIA",
        "email": "noemi.sears@undefined.name",
        "phone": "+1 (933) 472-2178",
        "address": "498 Jefferson Street, Belfair, Tennessee, 6129",
        "registered": "Sunday, January 28, 2018 1:35 PM",
        "office": {
            "latitude": "-46.059216",
            "longitude": "37.361768"
        }
    },
    {
        "id": 7,
        "isActive": false,
        "director": {
            "first": "Nichols",
            "last": "Craig"
        },
        "companyName": "THREDZ",
        "email": "nichols.craig@undefined.biz",
        "phone": "+1 (986) 593-3420",
        "address": "120 Taylor Street, Hasty, Wisconsin, 3222",
        "registered": "Friday, January 29, 2016 3:31 PM",
        "office": {
            "latitude": "-11.134745",
            "longitude": "-60.337374"
        }
    },
    {
        "id": 8,
        "isActive": false,
        "director": {
            "first": "Tamera",
            "last": "Larson"
        },
        "companyName": "RONELON",
        "email": "tamera.larson@undefined.net",
        "phone": "+1 (869) 530-2685",
        "address": "647 Strong Place, Mansfield, Oregon, 9075",
        "registered": "Tuesday, March 27, 2018 4:07 PM",
        "office": {
            "latitude": "25.511846",
            "longitude": "51.03385"
        }
    },
    {
        "id": 9,
        "isActive": false,
        "director": {
            "first": "Cote",
            "last": "Stephens"
        },
        "companyName": "XPLOR",
        "email": "cote.stephens@undefined.com",
        "phone": "+1 (981) 450-3906",
        "address": "536 Chester Street, Westerville, Nebraska, 6746",
        "registered": "Monday, March 23, 2015 12:14 PM",
        "office": {
            "latitude": "60.00012",
            "longitude": "-28.037504"
        }
    },
    {
        "id": 10,
        "isActive": false,
        "director": {
            "first": "Georgina",
            "last": "Lyons"
        },
        "companyName": "PIVITOL",
        "email": "georgina.lyons@undefined.org",
        "phone": "+1 (933) 402-3407",
        "address": "675 Albany Avenue, Zeba, Palau, 3420",
        "registered": "Wednesday, December 10, 2014 6:54 AM",
        "office": {
            "latitude": "-3.342003",
            "longitude": "-14.624405"
        }
    },
    {
        "id": 11,
        "isActive": true,
        "director": {
            "first": "Mcintosh",
            "last": "Bird"
        },
        "companyName": "OATFARM",
        "email": "mcintosh.bird@undefined.tv",
        "phone": "+1 (961) 528-3960",
        "address": "988 Lester Court, Aurora, Kansas, 1671",
        "registered": "Sunday, September 7, 2014 7:26 PM",
        "office": {
            "latitude": "-64.026131",
            "longitude": "-148.19848"
        }
    },
    {
        "id": 12,
        "isActive": false,
        "director": {
            "first": "Duffy",
            "last": "Rios"
        },
        "companyName": "ENOMEN",
        "email": "duffy.rios@undefined.us",
        "phone": "+1 (850) 559-3374",
        "address": "906 Kent Avenue, Grill, Rhode Island, 6889",
        "registered": "Sunday, August 10, 2014 8:22 AM",
        "office": {
            "latitude": "-60.273029",
            "longitude": "-83.963196"
        }
    },
    {
        "id": 13,
        "isActive": true,
        "director": {
            "first": "Fuller",
            "last": "Hahn"
        },
        "companyName": "EYERIS",
        "email": "fuller.hahn@undefined.me",
        "phone": "+1 (970) 473-2536",
        "address": "148 Fleet Place, Newkirk, New Hampshire, 3661",
        "registered": "Friday, June 5, 2015 3:35 AM",
        "office": {
            "latitude": "-75.776143",
            "longitude": "112.03235"
        }
    },
    {
        "id": 14,
        "isActive": true,
        "director": {
            "first": "Hutchinson",
            "last": "Kennedy"
        },
        "companyName": "ENJOLA",
        "email": "hutchinson.kennedy@undefined.biz",
        "phone": "+1 (814) 557-2588",
        "address": "643 Coleridge Street, Kenvil, New Jersey, 8607",
        "registered": "Monday, June 4, 2018 7:23 PM",
        "office": {
            "latitude": "44.208074",
            "longitude": "148.864062"
        }
    },
    {
        "id": 15,
        "isActive": true,
        "director": {
            "first": "Adrian",
            "last": "Duran"
        },
        "companyName": "EXOTECHNO",
        "email": "adrian.duran@undefined.info",
        "phone": "+1 (923) 478-2801",
        "address": "202 Broadway , Hanover, Massachusetts, 1876",
        "registered": "Friday, December 30, 2016 4:33 PM",
        "office": {
            "latitude": "43.907927",
            "longitude": "22.494318"
        }
    }
]